threshold,coverage,n_signals,directional_hit_rate,n_up_down_swaps,custom_cost,macro_f1,model
0.3,0.875,133,0.2857142857142857,43,1.236842105263158,0.28137832716145966,attention__all
0.325,0.7302631578947368,111,0.27927927927927926,40,1.1644736842105263,0.3179706827160949,attention__all
0.35,0.5855263157894737,89,0.2696629213483146,34,1.0723684210526316,0.3162027054310519,attention__all
0.375,0.4144736842105263,63,0.2857142857142857,23,0.9078947368421053,0.31639166933284585,attention__all
0.4,0.09868421052631579,15,0.26666666666666666,6,0.6644736842105263,0.2467574079289089,attention__all
0.42500000000000004,0.013157894736842105,2,0.5,1,0.5855263157894737,0.2129823892173692,attention__all
0.45,0.0,0,,0,0.5789473684210527,0.19753086419753085,attention__all
0.47500000000000003,0.0,0,,0,0.5789473684210527,0.19753086419753085,attention__all
0.5,0.0,0,,0,0.5789473684210527,0.19753086419753085,attention__all
0.525,0.0,0,,0,0.5789473684210527,0.19753086419753085,attention__all
0.55,0.0,0,,0,0.5789473684210527,0.19753086419753085,attention__all
0.5750000000000001,0.0,0,,0,0.5789473684210527,0.19753086419753085,attention__all
0.6000000000000001,0.0,0,,0,0.5789473684210527,0.19753086419753085,attention__all
0.625,0.0,0,,0,0.5789473684210527,0.19753086419753085,attention__all
0.6500000000000001,0.0,0,,0,0.5789473684210527,0.19753086419753085,attention__all
0.675,0.0,0,,0,0.5789473684210527,0.19753086419753085,attention__all
0.7000000000000001,0.0,0,,0,0.5789473684210527,0.19753086419753085,attention__all
0.7250000000000001,0.0,0,,0,0.5789473684210527,0.19753086419753085,attention__all
0.75,0.0,0,,0,0.5789473684210527,0.19753086419753085,attention__all
0.7750000000000001,0.0,0,,0,0.5789473684210527,0.19753086419753085,attention__all
0.8,0.0,0,,0,0.5789473684210527,0.19753086419753085,attention__all
0.8250000000000002,0.0,0,,0,0.5789473684210527,0.19753086419753085,attention__all
0.8500000000000001,0.0,0,,0,0.5789473684210527,0.19753086419753085,attention__all
0.875,0.0,0,,0,0.5789473684210527,0.19753086419753085,attention__all
0.9,0.0,0,,0,0.5789473684210527,0.19753086419753085,attention__all
0.3,0.7894736842105263,120,0.275,43,1.2171052631578947,0.297008547008547,attention__no_sentiment
0.325,0.6776315789473685,103,0.2815533980582524,38,1.125,0.3203291689317029,attention__no_sentiment
0.35,0.5789473684210527,88,0.2727272727272727,34,1.0657894736842106,0.3210039288668321,attention__no_sentiment
0.375,0.40789473684210525,62,0.2903225806451613,23,0.9013157894736842,0.3206317492031778,attention__no_sentiment
0.4,0.21052631578947367,32,0.3125,12,0.7368421052631579,0.29568059107701056,attention__no_sentiment
0.42500000000000004,0.0,0,,0,0.5789473684210527,0.19753086419753085,attention__no_sentiment
0.45,0.0,0,,0,0.5789473684210527,0.19753086419753085,attention__no_sentiment
0.47500000000000003,0.0,0,,0,0.5789473684210527,0.19753086419753085,attention__no_sentiment
0.5,0.0,0,,0,0.5789473684210527,0.19753086419753085,attention__no_sentiment
0.525,0.0,0,,0,0.5789473684210527,0.19753086419753085,attention__no_sentiment
0.55,0.0,0,,0,0.5789473684210527,0.19753086419753085,attention__no_sentiment
0.5750000000000001,0.0,0,,0,0.5789473684210527,0.19753086419753085,attention__no_sentiment
0.6000000000000001,0.0,0,,0,0.5789473684210527,0.19753086419753085,attention__no_sentiment
0.625,0.0,0,,0,0.5789473684210527,0.19753086419753085,attention__no_sentiment
0.6500000000000001,0.0,0,,0,0.5789473684210527,0.19753086419753085,attention__no_sentiment
0.675,0.0,0,,0,0.5789473684210527,0.19753086419753085,attention__no_sentiment
0.7000000000000001,0.0,0,,0,0.5789473684210527,0.19753086419753085,attention__no_sentiment
0.7250000000000001,0.0,0,,0,0.5789473684210527,0.19753086419753085,attention__no_sentiment
0.75,0.0,0,,0,0.5789473684210527,0.19753086419753085,attention__no_sentiment
0.7750000000000001,0.0,0,,0,0.5789473684210527,0.19753086419753085,attention__no_sentiment
0.8,0.0,0,,0,0.5789473684210527,0.19753086419753085,attention__no_sentiment
0.8250000000000002,0.0,0,,0,0.5789473684210527,0.19753086419753085,attention__no_sentiment
0.8500000000000001,0.0,0,,0,0.5789473684210527,0.19753086419753085,attention__no_sentiment
0.875,0.0,0,,0,0.5789473684210527,0.19753086419753085,attention__no_sentiment
0.9,0.0,0,,0,0.5789473684210527,0.19753086419753085,attention__no_sentiment
0.3,0.7763157894736842,118,0.2711864406779661,37,1.1776315789473684,0.26992588633926023,gradient_boosting__all
0.325,0.7631578947368421,116,0.27586206896551724,36,1.1578947368421053,0.2760119047619048,gradient_boosting__all
0.35,0.7631578947368421,116,0.27586206896551724,36,1.1578947368421053,0.2760119047619048,gradient_boosting__all
0.375,0.75,114,0.2807017543859649,34,1.131578947368421,0.2754099241615111,gradient_boosting__all
0.4,0.7236842105263158,110,0.2909090909090909,33,1.0986842105263157,0.29391178260713896,gradient_boosting__all
0.42500000000000004,0.7171052631578947,109,0.28440366972477066,33,1.105263157894737,0.2823948485476617,gradient_boosting__all
0.45,0.6973684210526315,106,0.29245283018867924,32,1.0789473684210527,0.2937735564601236,gradient_boosting__all
0.47500000000000003,0.6710526315789473,102,0.29411764705882354,30,1.0526315789473684,0.2937474794935759,gradient_boosting__all
0.5,0.6381578947368421,97,0.30927835051546393,29,1.013157894736842,0.31488340950415256,gradient_boosting__all
0.525,0.618421052631579,94,0.30851063829787234,29,1.006578947368421,0.319672131147541,gradient_boosting__all
0.55,0.6052631578947368,92,0.30434782608695654,29,1.006578947368421,0.3120351906158358,gradient_boosting__all
0.5750000000000001,0.5921052631578947,90,0.3111111111111111,28,0.9868421052631579,0.31719283426600503,gradient_boosting__all
0.6000000000000001,0.5789473684210527,88,0.3068181818181818,27,0.9802631578947368,0.3116219008264463,gradient_boosting__all
0.625,0.5460526315789473,83,0.3132530120481928,26,0.9539473684210527,0.32020935529707456,gradient_boosting__all
0.6500000000000001,0.5197368421052632,79,0.2911392405063291,26,0.9671052631578947,0.30758931099133063,gradient_boosting__all
0.675,0.506578947368421,77,0.2987012987012987,26,0.9539473684210527,0.31619286780817935,gradient_boosting__all
0.7000000000000001,0.47368421052631576,72,0.2916666666666667,24,0.9342105263157895,0.3058417508417508,gradient_boosting__all
0.7250000000000001,0.4605263157894737,70,0.3,23,0.9144736842105263,0.31030610519194995,gradient_boosting__all
0.75,0.40789473684210525,62,0.3064516129032258,21,0.875,0.3116955508259856,gradient_boosting__all
0.7750000000000001,0.3881578947368421,59,0.3220338983050847,21,0.8552631578947368,0.32354467618611493,gradient_boosting__all
0.8,0.34868421052631576,53,0.33962264150943394,18,0.8092105263157895,0.3250994092251761,gradient_boosting__all
0.8250000000000002,0.32894736842105265,50,0.36,18,0.7894736842105263,0.33652210388944565,gradient_boosting__all
0.8500000000000001,0.29605263157894735,45,0.4,18,0.756578947368421,0.35691729038860914,gradient_boosting__all
0.875,0.27631578947368424,42,0.38095238095238093,17,0.756578947368421,0.3319400905607802,gradient_boosting__all
0.9,0.23684210526315788,36,0.4166666666666667,13,0.7039473684210527,0.3278893351182508,gradient_boosting__all
0.3,0.7236842105263158,110,0.3181818181818182,32,1.0526315789473684,0.36569836388002425,gradient_boosting__no_sentiment
0.325,0.7171052631578947,109,0.3211009174311927,31,1.0394736842105263,0.36543452506208324,gradient_boosting__no_sentiment
0.35,0.6973684210526315,106,0.330188679245283,31,1.019736842105263,0.38308746269911315,gradient_boosting__no_sentiment
0.375,0.6907894736842105,105,0.3333333333333333,30,1.006578947368421,0.38317308905544206,gradient_boosting__no_sentiment
0.4,0.6842105263157895,104,0.33653846153846156,29,0.993421052631579,0.38330975954738333,gradient_boosting__no_sentiment
0.42500000000000004,0.6776315789473685,103,0.33980582524271846,28,0.9802631578947368,0.3831037381024238,gradient_boosting__no_sentiment
0.45,0.6776315789473685,103,0.33980582524271846,28,0.9802631578947368,0.3831037381024238,gradient_boosting__no_sentiment
0.47500000000000003,0.6644736842105263,101,0.3465346534653465,28,0.9671052631578947,0.3951690821256038,gradient_boosting__no_sentiment
0.5,0.6513157894736842,99,0.35353535353535354,27,0.9473684210526315,0.40047915047915045,gradient_boosting__no_sentiment
0.525,0.6381578947368421,97,0.35051546391752575,26,0.9407894736842105,0.39373450529637144,gradient_boosting__no_sentiment
0.55,0.5986842105263158,91,0.3626373626373626,23,0.8947368421052632,0.39797322623828646,gradient_boosting__no_sentiment
0.5750000000000001,0.5723684210526315,87,0.367816091954023,22,0.875,0.40195437616956115,gradient_boosting__no_sentiment
0.6000000000000001,0.5526315789473685,84,0.35714285714285715,21,0.875,0.38700043917435223,gradient_boosting__no_sentiment
0.625,0.5197368421052632,79,0.379746835443038,19,0.8289473684210527,0.40267955888393847,gradient_boosting__no_sentiment
0.6500000000000001,0.4868421052631579,74,0.3918918918918919,18,0.8026315789473685,0.41075502381896434,gradient_boosting__no_sentiment
0.675,0.47368421052631576,72,0.4027777777777778,18,0.7894736842105263,0.42055555555555557,gradient_boosting__no_sentiment
0.7000000000000001,0.4407894736842105,67,0.40298507462686567,17,0.7763157894736842,0.41423153205405255,gradient_boosting__no_sentiment
0.7250000000000001,0.4144736842105263,63,0.3968253968253968,16,0.7697368421052632,0.40253586506608263,gradient_boosting__no_sentiment
0.75,0.375,57,0.38596491228070173,16,0.7697368421052632,0.3905840071877808,gradient_boosting__no_sentiment
0.7750000000000001,0.375,57,0.38596491228070173,16,0.7697368421052632,0.3905840071877808,gradient_boosting__no_sentiment
0.8,0.34868421052631576,53,0.3584905660377358,16,0.7828947368421053,0.36768817363642653,gradient_boosting__no_sentiment
0.8250000000000002,0.3157894736842105,48,0.375,16,0.7631578947368421,0.37445887445887444,gradient_boosting__no_sentiment
0.8500000000000001,0.27631578947368424,42,0.40476190476190477,14,0.7236842105263158,0.3763731669901924,gradient_boosting__no_sentiment
0.875,0.21710526315789475,33,0.48484848484848486,7,0.631578947368421,0.37241917682844755,gradient_boosting__no_sentiment
0.9,0.20394736842105263,31,0.5161290322580645,7,0.618421052631579,0.38037323037323034,gradient_boosting__no_sentiment
0.3,0.881578947368421,134,0.30597014925373134,39,1.1776315789473684,0.30667512348882353,logreg__all
0.325,0.8092105263157895,123,0.2926829268292683,38,1.1644736842105263,0.3079190385831752,logreg__all
0.35,0.6513157894736842,99,0.3333333333333333,28,0.9802631578947368,0.3575145393327211,logreg__all
0.375,0.4934210526315789,75,0.38666666666666666,20,0.8223684210526315,0.38952124748162903,logreg__all
0.4,0.3881578947368421,59,0.3898305084745763,15,0.7631578947368421,0.36650775931884344,logreg__all
0.42500000000000004,0.27631578947368424,42,0.4523809523809524,8,0.6578947368421053,0.35820185145522476,logreg__all
0.45,0.18421052631578946,28,0.42857142857142855,7,0.6513157894736842,0.3185618042375609,logreg__all
0.47500000000000003,0.125,19,0.47368421052631576,4,0.6118421052631579,0.2885851880775739,logreg__all
0.5,0.07236842105263158,11,0.5454545454545454,2,0.5855263157894737,0.2685494223363286,logreg__all
0.525,0.046052631578947366,7,0.42857142857142855,2,0.5986842105263158,0.23480418217260324,logreg__all
0.55,0.039473684210526314,6,0.5,1,0.5855263157894737,0.23456124588200059,logreg__all
0.5750000000000001,0.02631578947368421,4,0.75,1,0.5723684210526315,0.24047354790972994,logreg__all
0.6000000000000001,0.02631578947368421,4,0.75,1,0.5723684210526315,0.24047354790972994,logreg__all
0.625,0.019736842105263157,3,0.6666666666666666,1,0.5789473684210527,0.22697965571205006,logreg__all
0.6500000000000001,0.013157894736842105,2,0.5,1,0.5855263157894737,0.2129823892173692,logreg__all
0.675,0.006578947368421052,1,1.0,0,0.5723684210526315,0.21233850129198964,logreg__all
0.7000000000000001,0.0,0,,0,0.5789473684210527,0.19753086419753085,logreg__all
0.7250000000000001,0.0,0,,0,0.5789473684210527,0.19753086419753085,logreg__all
0.75,0.0,0,,0,0.5789473684210527,0.19753086419753085,logreg__all
0.7750000000000001,0.0,0,,0,0.5789473684210527,0.19753086419753085,logreg__all
0.8,0.0,0,,0,0.5789473684210527,0.19753086419753085,logreg__all
0.8250000000000002,0.0,0,,0,0.5789473684210527,0.19753086419753085,logreg__all
0.8500000000000001,0.0,0,,0,0.5789473684210527,0.19753086419753085,logreg__all
0.875,0.0,0,,0,0.5789473684210527,0.19753086419753085,logreg__all
0.9,0.0,0,,0,0.5789473684210527,0.19753086419753085,logreg__all
0.3,0.9210526315789473,140,0.30714285714285716,40,1.1973684210526316,0.3050125313283208,logreg__no_sentiment
0.325,0.8289473684210527,126,0.31746031746031744,37,1.125,0.3500467613962048,logreg__no_sentiment
0.35,0.6447368421052632,98,0.336734693877551,29,0.9802631578947368,0.3821303143337042,logreg__no_sentiment
0.375,0.4868421052631579,74,0.35135135135135137,21,0.8618421052631579,0.3758772875347322,logreg__no_sentiment
0.4,0.34210526315789475,52,0.4230769230769231,13,0.7171052631578947,0.38916199239511773,logreg__no_sentiment
0.42500000000000004,0.20394736842105263,31,0.4838709677419355,7,0.631578947368421,0.357381871667586,logreg__no_sentiment
0.45,0.13157894736842105,20,0.45,3,0.6118421052631579,0.3013951343249164,logreg__no_sentiment
0.47500000000000003,0.07236842105263158,11,0.45454545454545453,2,0.5986842105263158,0.2619522840072918,logreg__no_sentiment
0.5,0.03289473684210526,5,0.4,2,0.5986842105263158,0.2277558364051255,logreg__no_sentiment
0.525,0.006578947368421052,1,1.0,0,0.5723684210526315,0.21233850129198964,logreg__no_sentiment
0.55,0.006578947368421052,1,1.0,0,0.5723684210526315,0.21233850129198964,logreg__no_sentiment
0.5750000000000001,0.006578947368421052,1,1.0,0,0.5723684210526315,0.21233850129198964,logreg__no_sentiment
0.6000000000000001,0.006578947368421052,1,1.0,0,0.5723684210526315,0.21233850129198964,logreg__no_sentiment
0.625,0.006578947368421052,1,1.0,0,0.5723684210526315,0.21233850129198964,logreg__no_sentiment
0.6500000000000001,0.0,0,,0,0.5789473684210527,0.19753086419753085,logreg__no_sentiment
0.675,0.0,0,,0,0.5789473684210527,0.19753086419753085,logreg__no_sentiment
0.7000000000000001,0.0,0,,0,0.5789473684210527,0.19753086419753085,logreg__no_sentiment
0.7250000000000001,0.0,0,,0,0.5789473684210527,0.19753086419753085,logreg__no_sentiment
0.75,0.0,0,,0,0.5789473684210527,0.19753086419753085,logreg__no_sentiment
0.7750000000000001,0.0,0,,0,0.5789473684210527,0.19753086419753085,logreg__no_sentiment
0.8,0.0,0,,0,0.5789473684210527,0.19753086419753085,logreg__no_sentiment
0.8250000000000002,0.0,0,,0,0.5789473684210527,0.19753086419753085,logreg__no_sentiment
0.8500000000000001,0.0,0,,0,0.5789473684210527,0.19753086419753085,logreg__no_sentiment
0.875,0.0,0,,0,0.5789473684210527,0.19753086419753085,logreg__no_sentiment
0.9,0.0,0,,0,0.5789473684210527,0.19753086419753085,logreg__no_sentiment
0.3,0.9868421052631579,150,0.26666666666666666,47,1.3486842105263157,0.16173221577476896,lstm__all
0.325,0.8223684210526315,125,0.264,46,1.269736842105263,0.2760808108047372,lstm__all
0.35,0.5131578947368421,78,0.2564102564102564,32,1.0394736842105263,0.30544242966603213,lstm__all
0.375,0.039473684210526314,6,0.3333333333333333,2,0.6052631578947368,0.2252456538170824,lstm__all
0.4,0.0,0,,0,0.5789473684210527,0.19753086419753085,lstm__all
0.42500000000000004,0.0,0,,0,0.5789473684210527,0.19753086419753085,lstm__all
0.45,0.0,0,,0,0.5789473684210527,0.19753086419753085,lstm__all
0.47500000000000003,0.0,0,,0,0.5789473684210527,0.19753086419753085,lstm__all
0.5,0.0,0,,0,0.5789473684210527,0.19753086419753085,lstm__all
0.525,0.0,0,,0,0.5789473684210527,0.19753086419753085,lstm__all
0.55,0.0,0,,0,0.5789473684210527,0.19753086419753085,lstm__all
0.5750000000000001,0.0,0,,0,0.5789473684210527,0.19753086419753085,lstm__all
0.6000000000000001,0.0,0,,0,0.5789473684210527,0.19753086419753085,lstm__all
0.625,0.0,0,,0,0.5789473684210527,0.19753086419753085,lstm__all
0.6500000000000001,0.0,0,,0,0.5789473684210527,0.19753086419753085,lstm__all
0.675,0.0,0,,0,0.5789473684210527,0.19753086419753085,lstm__all
0.7000000000000001,0.0,0,,0,0.5789473684210527,0.19753086419753085,lstm__all
0.7250000000000001,0.0,0,,0,0.5789473684210527,0.19753086419753085,lstm__all
0.75,0.0,0,,0,0.5789473684210527,0.19753086419753085,lstm__all
0.7750000000000001,0.0,0,,0,0.5789473684210527,0.19753086419753085,lstm__all
0.8,0.0,0,,0,0.5789473684210527,0.19753086419753085,lstm__all
0.8250000000000002,0.0,0,,0,0.5789473684210527,0.19753086419753085,lstm__all
0.8500000000000001,0.0,0,,0,0.5789473684210527,0.19753086419753085,lstm__all
0.875,0.0,0,,0,0.5789473684210527,0.19753086419753085,lstm__all
0.9,0.0,0,,0,0.5789473684210527,0.19753086419753085,lstm__all
0.3,0.9605263157894737,146,0.273972602739726,46,1.3157894736842106,0.20293040293040296,lstm__no_sentiment
0.325,0.8026315789473685,122,0.2786885245901639,44,1.2236842105263157,0.30250609431864484,lstm__no_sentiment
0.35,0.5263157894736842,80,0.2875,30,1.0,0.3277032298330473,lstm__no_sentiment
0.375,0.03289473684210526,5,0.4,1,0.5921052631578947,0.22483748633734693,lstm__no_sentiment
0.4,0.0,0,,0,0.5789473684210527,0.19753086419753085,lstm__no_sentiment
0.42500000000000004,0.0,0,,0,0.5789473684210527,0.19753086419753085,lstm__no_sentiment
0.45,0.0,0,,0,0.5789473684210527,0.19753086419753085,lstm__no_sentiment
0.47500000000000003,0.0,0,,0,0.5789473684210527,0.19753086419753085,lstm__no_sentiment
0.5,0.0,0,,0,0.5789473684210527,0.19753086419753085,lstm__no_sentiment
0.525,0.0,0,,0,0.5789473684210527,0.19753086419753085,lstm__no_sentiment
0.55,0.0,0,,0,0.5789473684210527,0.19753086419753085,lstm__no_sentiment
0.5750000000000001,0.0,0,,0,0.5789473684210527,0.19753086419753085,lstm__no_sentiment
0.6000000000000001,0.0,0,,0,0.5789473684210527,0.19753086419753085,lstm__no_sentiment
0.625,0.0,0,,0,0.5789473684210527,0.19753086419753085,lstm__no_sentiment
0.6500000000000001,0.0,0,,0,0.5789473684210527,0.19753086419753085,lstm__no_sentiment
0.675,0.0,0,,0,0.5789473684210527,0.19753086419753085,lstm__no_sentiment
0.7000000000000001,0.0,0,,0,0.5789473684210527,0.19753086419753085,lstm__no_sentiment
0.7250000000000001,0.0,0,,0,0.5789473684210527,0.19753086419753085,lstm__no_sentiment
0.75,0.0,0,,0,0.5789473684210527,0.19753086419753085,lstm__no_sentiment
0.7750000000000001,0.0,0,,0,0.5789473684210527,0.19753086419753085,lstm__no_sentiment
0.8,0.0,0,,0,0.5789473684210527,0.19753086419753085,lstm__no_sentiment
0.8250000000000002,0.0,0,,0,0.5789473684210527,0.19753086419753085,lstm__no_sentiment
0.8500000000000001,0.0,0,,0,0.5789473684210527,0.19753086419753085,lstm__no_sentiment
0.875,0.0,0,,0,0.5789473684210527,0.19753086419753085,lstm__no_sentiment
0.9,0.0,0,,0,0.5789473684210527,0.19753086419753085,lstm__no_sentiment
0.3,0.75,114,0.3157894736842105,31,1.0592105263157894,0.3240171690566774,mlp__all
0.325,0.7105263157894737,108,0.3148148148148148,29,1.0328947368421053,0.32147975481308816,mlp__all
0.35,0.6973684210526315,106,0.32075471698113206,27,1.006578947368421,0.32139281906723766,mlp__all
0.375,0.6907894736842105,105,0.3142857142857143,27,1.013157894736842,0.3109002898247084,mlp__all
0.4,0.6644736842105263,101,0.32673267326732675,26,0.9802631578947368,0.3289528985507246,mlp__all
0.42500000000000004,0.6447368421052632,98,0.336734693877551,26,0.9605263157894737,0.34591450837833637,mlp__all
0.45,0.625,95,0.3263157894736842,25,0.9605263157894737,0.3350955441864533,mlp__all
0.47500000000000003,0.6052631578947368,92,0.32608695652173914,24,0.9473684210526315,0.3347913249498815,mlp__all
0.5,0.5723684210526315,87,0.3333333333333333,22,0.9144736842105263,0.33969852831341285,mlp__all
0.525,0.506578947368421,77,0.3246753246753247,19,0.881578947368421,0.33096439381913084,mlp__all
0.55,0.4868421052631579,74,0.3108108108108108,19,0.8881578947368421,0.3180066250731622,mlp__all
0.5750000000000001,0.45394736842105265,69,0.3333333333333333,17,0.8421052631578947,0.33139801375095496,mlp__all
0.6000000000000001,0.42105263157894735,64,0.3125,16,0.8421052631578947,0.31612099030645396,mlp__all
0.625,0.40789473684210525,62,0.3225806451612903,15,0.8223684210526315,0.3204532613207968,mlp__all
0.6500000000000001,0.40131578947368424,61,0.32786885245901637,15,0.8157894736842105,0.32468854723593665,mlp__all
0.675,0.3815789473684211,58,0.3103448275862069,15,0.8223684210526315,0.30872362869198317,mlp__all
0.7000000000000001,0.34868421052631576,53,0.3018867924528302,13,0.8026315789473685,0.2986184070854268,mlp__all
0.7250000000000001,0.3157894736842105,48,0.2916666666666667,13,0.7960526315789473,0.28932178932178926,mlp__all
0.75,0.29605263157894735,45,0.26666666666666666,13,0.8026315789473685,0.2777491113404426,mlp__all
0.7750000000000001,0.2631578947368421,40,0.25,13,0.7960526315789473,0.2722427187557211,mlp__all
0.8,0.23684210526315788,36,0.19444444444444445,12,0.8026315789473685,0.23984887897931376,mlp__all
0.8250000000000002,0.20394736842105263,31,0.12903225806451613,11,0.8026315789473685,0.21486298687013397,mlp__all
0.8500000000000001,0.15789473684210525,24,0.125,9,0.756578947368421,0.21040630182421227,mlp__all
0.875,0.14473684210526316,22,0.09090909090909091,8,0.75,0.19920697858842187,mlp__all
0.9,0.10526315789473684,16,0.125,7,0.7039473684210527,0.2122222222222222,mlp__all
0.3,0.7828947368421053,119,0.35294117647058826,31,1.013157894736842,0.3920649796938456,mlp__no_sentiment
0.325,0.75,114,0.35964912280701755,31,0.993421052631579,0.41278980145517324,mlp__no_sentiment
0.35,0.7039473684210527,107,0.35514018691588783,31,0.9868421052631579,0.4173582577198085,mlp__no_sentiment
0.375,0.6644736842105263,101,0.36633663366336633,29,0.9473684210526315,0.42714215925744997,mlp__no_sentiment
0.4,0.618421052631579,94,0.3617021276595745,27,0.9276315789473685,0.4168149277756597,mlp__no_sentiment
0.42500000000000004,0.5394736842105263,82,0.34146341463414637,22,0.8947368421052632,0.37679657269209504,mlp__no_sentiment
0.45,0.47368421052631576,72,0.3611111111111111,19,0.8355263157894737,0.3852258611942126,mlp__no_sentiment
0.47500000000000003,0.3881578947368421,59,0.3728813559322034,14,0.7697368421052632,0.37013208280016485,mlp__no_sentiment
0.5,0.35526315789473684,54,0.35185185185185186,14,0.7763157894736842,0.35424410979966536,mlp__no_sentiment
0.525,0.3092105263157895,47,0.3617021276595745,12,0.743421052631579,0.3480525841924938,mlp__no_sentiment
0.55,0.2565789473684211,39,0.41025641025641024,9,0.6842105263157895,0.35415974299324254,mlp__no_sentiment
0.5750000000000001,0.20394736842105263,31,0.41935483870967744,7,0.6578947368421053,0.33322583947583945,mlp__no_sentiment
0.6000000000000001,0.19078947368421054,29,0.41379310344827586,7,0.6578947368421053,0.3265521696894246,mlp__no_sentiment
0.625,0.16447368421052633,25,0.4,5,0.6447368421052632,0.30344594609464576,mlp__no_sentiment
0.6500000000000001,0.1513157894736842,23,0.391304347826087,5,0.6447368421052632,0.2931521277499363,mlp__no_sentiment
0.675,0.13815789473684212,21,0.3333333333333333,5,0.6578947368421053,0.2711980298420977,mlp__no_sentiment
0.7000000000000001,0.125,19,0.3157894736842105,5,0.6578947368421053,0.25989537029070714,mlp__no_sentiment
0.7250000000000001,0.10526315789473684,16,0.25,4,0.6578947368421053,0.2362698412698413,mlp__no_sentiment
0.75,0.07894736842105263,12,0.25,3,0.6381578947368421,0.22727833271673448,mlp__no_sentiment
0.7750000000000001,0.06578947368421052,10,0.3,3,0.625,0.23191060633815716,mlp__no_sentiment
0.8,0.05263157894736842,8,0.125,3,0.6381578947368421,0.20537958773252887,mlp__no_sentiment
0.8250000000000002,0.05263157894736842,8,0.125,3,0.6381578947368421,0.20537958773252887,mlp__no_sentiment
0.8500000000000001,0.05263157894736842,8,0.125,3,0.6381578947368421,0.20537958773252887,mlp__no_sentiment
0.875,0.05263157894736842,8,0.125,3,0.6381578947368421,0.20537958773252887,mlp__no_sentiment
0.9,0.039473684210526314,6,0.0,3,0.6381578947368421,0.19365079365079366,mlp__no_sentiment
0.3,0.8223684210526315,125,0.376,29,0.9736842105263158,0.40171134288781346,random_forest__all
0.325,0.8026315789473685,122,0.3770491803278688,29,0.9671052631578947,0.4101486275896768,random_forest__all
0.35,0.7631578947368421,116,0.3793103448275862,29,0.9539473684210527,0.42590668590668584,random_forest__all
0.375,0.7171052631578947,109,0.3577981651376147,29,0.9736842105263158,0.40588468893618335,random_forest__all
0.4,0.6052631578947368,92,0.358695652173913,24,0.9078947368421053,0.3979112594240514,random_forest__all
0.42500000000000004,0.5328947368421053,81,0.37037037037037035,19,0.8421052631578947,0.39258220934699767,random_forest__all
0.45,0.4342105263157895,66,0.3484848484848485,17,0.8223684210526315,0.3645030723265122,random_forest__all
0.47500000000000003,0.3684210526315789,56,0.3392857142857143,14,0.7894736842105263,0.3430889384247593,random_forest__all
0.5,0.2894736842105263,44,0.3181818181818182,14,0.7763157894736842,0.32123169681309216,random_forest__all
0.525,0.23026315789473684,35,0.37142857142857144,9,0.6973684210526315,0.32150069839236306,random_forest__all
0.55,0.19078947368421054,29,0.4482758620689655,8,0.6513157894736842,0.3398692810457516,random_forest__all
0.5750000000000001,0.1513157894736842,23,0.43478260869565216,7,0.6447368421052632,0.3127792855772131,random_forest__all
0.6000000000000001,0.13157894736842105,20,0.45,6,0.631578947368421,0.30493459655952143,random_forest__all
0.625,0.09868421052631579,15,0.5333333333333333,5,0.6052631578947368,0.2980142224086437,random_forest__all
0.6500000000000001,0.06578947368421052,10,0.6,3,0.5855263157894737,0.27928032054245644,random_forest__all
0.675,0.03289473684210526,5,0.6,2,0.5855263157894737,0.24067322882488762,random_forest__all
0.7000000000000001,0.013157894736842105,2,0.0,2,0.6052631578947368,0.19937694704049844,random_forest__all
0.7250000000000001,0.013157894736842105,2,0.0,2,0.6052631578947368,0.19937694704049844,random_forest__all
0.75,0.006578947368421052,1,0.0,1,0.5921052631578947,0.19844961240310077,random_forest__all
0.7750000000000001,0.006578947368421052,1,0.0,1,0.5921052631578947,0.19844961240310077,random_forest__all
0.8,0.0,0,,0,0.5789473684210527,0.19753086419753085,random_forest__all
0.8250000000000002,0.0,0,,0,0.5789473684210527,0.19753086419753085,random_forest__all
0.8500000000000001,0.0,0,,0,0.5789473684210527,0.19753086419753085,random_forest__all
0.875,0.0,0,,0,0.5789473684210527,0.19753086419753085,random_forest__all
0.9,0.0,0,,0,0.5789473684210527,0.19753086419753085,random_forest__all
0.3,0.8355263157894737,127,0.36220472440944884,28,0.993421052631579,0.36755911289496646,random_forest__no_sentiment
0.325,0.7894736842105263,120,0.35833333333333334,27,0.9802631578947368,0.37286324786324787,random_forest__no_sentiment
0.35,0.7894736842105263,120,0.35833333333333334,27,0.9802631578947368,0.37286324786324787,random_forest__no_sentiment
0.375,0.7302631578947368,111,0.36036036036036034,26,0.9539473684210527,0.38844636844636843,random_forest__no_sentiment
0.4,0.6842105263157895,104,0.375,23,0.9013157894736842,0.40178571428571425,random_forest__no_sentiment
0.42500000000000004,0.6776315789473685,103,0.3786407766990291,23,0.8947368421052632,0.4076961393158412,random_forest__no_sentiment
0.45,0.6118421052631579,93,0.3763440860215054,22,0.875,0.41026990387148615,random_forest__no_sentiment
0.47500000000000003,0.5394736842105263,82,0.3902439024390244,20,0.8289473684210527,0.4207230734478218,random_forest__no_sentiment
0.5,0.4868421052631579,74,0.3918918918918919,17,0.7960526315789473,0.40955132504428277,random_forest__no_sentiment
0.525,0.4342105263157895,66,0.3787878787878788,16,0.7894736842105263,0.390604781997187,random_forest__no_sentiment
0.55,0.3881578947368421,59,0.3728813559322034,14,0.7697368421052632,0.3740976645435244,random_forest__no_sentiment
0.5750000000000001,0.32894736842105265,50,0.36,12,0.75,0.3506564071411697,random_forest__no_sentiment
0.6000000000000001,0.2565789473684211,39,0.3076923076923077,9,0.7368421052631579,0.2992500672585418,random_forest__no_sentiment
0.625,0.20394736842105263,31,0.2903225806451613,8,0.7171052631578947,0.2809334758487301,random_forest__no_sentiment
0.6500000000000001,0.17105263157894737,26,0.23076923076923078,8,0.7236842105263158,0.2518963047062958,random_forest__no_sentiment
0.675,0.14473684210526316,22,0.22727272727272727,7,0.7039473684210527,0.24581196231192648,random_forest__no_sentiment
0.7000000000000001,0.1118421052631579,17,0.23529411764705882,5,0.6710526315789473,0.2384398389916175,random_forest__no_sentiment
0.7250000000000001,0.08552631578947369,13,0.3076923076923077,4,0.6381578947368421,0.2466121727205471,random_forest__no_sentiment
0.75,0.046052631578947366,7,0.5714285714285714,1,0.5789473684210527,0.2540634414318625,random_forest__no_sentiment
0.7750000000000001,0.03289473684210526,5,0.4,1,0.5921052631578947,0.22464953236788035,random_forest__no_sentiment
0.8,0.019736842105263157,3,0.6666666666666666,0,0.5723684210526315,0.22657586344943045,random_forest__no_sentiment
0.8250000000000002,0.013157894736842105,2,0.5,0,0.5789473684210527,0.21015057113187952,random_forest__no_sentiment
0.8500000000000001,0.013157894736842105,2,0.5,0,0.5789473684210527,0.21015057113187952,random_forest__no_sentiment
0.875,0.0,0,,0,0.5789473684210527,0.19753086419753085,random_forest__no_sentiment
0.9,0.0,0,,0,0.5789473684210527,0.19753086419753085,random_forest__no_sentiment
